ticker,auto,event_date,react_recorded,same_day,abn_recorded,abn_fda_anchor
GERN,False,2024-06-06,2024-06-07,False,30.457194742256632,17.650564085049425
MDGL,False,2024-03-14,2024-03-15,False,17.87093226950276,1.505267068325955
XFOR,False,2024-04-26,2024-04-29,False,-5.216118545923121,-7.553417325291035
IONS,False,2024-12-19,2024-12-20,False,-0.9425752419739419,-3.2115167050083215
BBIO,False,2024-11-22,2024-11-25,False,10.182990427106752,13.465278524844404
CYTK,False,2025-12-19,2025-12-22,False,-0.6088053871607713,0.20287871424429227
CORT,False,2026-03-25,2026-03-25,True,10.27934998650688,10.27934998650688
CELC,False,2026-07-14,2026-07-15,False,-18.275912540589466,-12.398084172186897
SRRK,False,2026-09-11,2026-09-14,False,-8.374336919478898,-7.359248972434895
IMCR,False,2022-01-25,2022-01-26,False,0.9973591725822573,11.751108184860627
AGIO,False,2022-02-17,2022-02-18,False,0.0933353930109515,0.2467235023167924
PHAT,False,2022-05-03,2022-05-04,False,-6.759323244688709,-4.56496047108913
AMLX,False,2022-09-29,2022-09-30,False,-2.877686464222451,-1.3795712777319058
RIGL,False,2022-12-01,2022-12-02,False,39.95862225996716,21.441005020682535
TGTX,False,2022-12-28,2022-12-28,True,28.243171205539962,28.243171205539962
MDWD,False,2022-12-28,2022-12-29,False,-0.47245012039429657,10.994793062592079
TVTX,False,2023-02-17,2023-02-21,False,20.767686130719365,7.28543192591723
ACAD,False,2023-03-10,2023-03-10,True,-4.2582045851319865,-4.2582045851319865
LXRX,False,2023-05-26,2023-05-30,False,4.23613805692079,0.4907397928567536
VRCA,False,2023-07-21,2023-07-24,False,-26.508343250713253,-27.750991422058245
TARS,False,2023-07-24,2023-07-25,False,-16.730289998233015,-24.616394339425838
CHRS,False,2023-10-27,2023-10-30,False,23.60320815652488,11.349927443755082
CRMD,False,2023-11-15,2023-11-15,True,22.505738415817657,22.505738415817657
AKBA,True,2024-03-27,2024-03-27,True,-10.873494697813424,-10.873494697813424
IBRX,True,2024-04-22,2024-04-22,True,1.9290044875110324,1.9290044875110324
ASND,True,2024-08-09,2024-08-09,True,1.1318002502039182,1.1318002502039182
ZVRA,True,2024-09-20,2024-09-20,True,-2.337458228077971,-2.337458228077971
SNDX,True,2024-11-15,2024-11-15,True,1.1067354906391658,1.1067354906391658
VSTM,True,2025-05-08,2025-05-08,True,8.415998094243161,8.415998094243161
NUVB,True,2025-06-11,2025-06-11,True,-27.37969702286659,-27.37969702286659
PTCT,True,2025-07-28,2025-07-28,True,12.190198956130228,12.190198956130228
LENZ,True,2025-07-31,2025-07-31,True,-2.241332598357182,-2.241332598357182
ARWR,True,2025-11-18,2025-11-18,True,-2.6515905215543145,-2.6515905215543145
MIST,True,2025-12-12,2025-12-12,True,-20.362157858346098,-20.362157858346098
OMER,True,2025-12-23,2025-12-23,True,61.20444274120636,61.20444274120636
VNDA,True,2025-12-30,2025-12-30,True,23.683242499208024,23.683242499208024
DNLI,True,2026-03-24,2026-03-24,True,4.71922670934688,4.71922670934688
VRDN,True,2026-06-26,2026-06-26,True,3.617601846932672,3.617601846932672
VERA,True,2026-07-07,2026-07-07,True,4.388168636479417,4.388168636479417
BTAIQ,True,2022-04-05,2022-04-05,True,-0.10475863715451172,-0.10475863715451172
SIGA,True,2022-05-18,2022-05-18,True,21.701420402940176,21.701420402940176
UTHR,True,2022-05-23,2022-05-23,True,20.424769247099473,20.424769247099473
ARQT,True,2022-07-29,2022-07-29,True,-9.59782341394635,-9.59782341394635
AXSM,True,2022-08-18,2022-08-18,True,40.638779288755764,40.638779288755764
FENC,True,2022-09-20,2022-09-20,True,33.360214096684956,33.360214096684956
DCTH,True,2023-08-14,2023-08-14,True,79.49298426399749,79.49298426399749
ARDX,True,2023-10-17,2023-10-17,True,15.129916906522677,15.129916906522677
GKOS,True,2023-12-13,2023-12-13,True,14.596057165419873,14.596057165419873
DERM,True,2024-11-01,2024-11-01,True,-9.735301274312224,-9.735301274312224
MIRM,True,2025-02-21,2025-02-21,True,-1.3423232590815237,-1.3423232590815237
ETON,True,2025-05-28,2025-05-28,True,-7.051616512480852,-7.051616512480852
URGN,True,2025-06-12,2025-06-12,True,65.70714951136408,65.70714951136408
TNXP,True,2025-08-15,2025-08-15,True,-33.460407758537755,-33.460407758537755
