ticker,company,drug_name,event_date,announcement_time,decision_type,event_direction,market_cap_group,source_url,ticker_verified,event_date_verified,company_drug_match_verified,source_verified,keep_for_v1,exclude_reason,market_reaction_date,market_reaction_note,verification_notes,novelty,center,mcap_t1_musd,confounded
GERN,Geron,Rytelo (imetelstat),2024-06-06,after_hours,APPROVAL,POSITIVE,mid,https://www.businesswire.com/news/home/20240606850162/en/Geron-Announces-FDA-Approval-of-RYTELO-imetelstat-a-First-in-Class-Telomerase-Inhibitor-for-the-Treatment-of-Adult-Patients-with-Lower-Risk-MDS-with-Transfusion-Dependent-Anemia,yes,yes,yes,yes,yes,,2024-06-07,After-hours announcement at 9:58 PM EDT; reaction assigned to next trading day.,,NME,CDER,2307.3,
MDGL,Madrigal Pharmaceuticals,Rezdiffra (resmetirom),2024-03-14,after_hours,APPROVAL,POSITIVE,mid,https://www.globenewswire.com/news-release/2024/03/14/2846708/0/en/madrigal-pharmaceuticals-announces-fda-approval-of-rezdiffra-resmetirom-for-the-treatment-of-patients-with-noncirrhotic-nonalcoholic-steatohepatitis-nash-with-moderate-to-advanced-.html,yes,yes,yes,yes,yes,,2024-03-15,After-hours announcement at 4:15 PM EDT; reaction assigned to next trading day.,"GlobeNewswire press release matched FDA approval date, company, drug, and announcement timing.",NME,CDER,4846.4,offering: 424B5 filed 2024-03-18 (= t+1)
VRNA,Verona Pharma,Ohtuvayre (ensifentrine),2024-06-26,after_hours,APPROVAL,POSITIVE,small,https://www.globenewswire.com/news-release/2024/06/26/2904839/0/en/verona-pharma-announces-us-fda-approval-of-ohtuvayre-ensifentrine.html,yes,yes,yes,yes,yes,,2024-06-27,After-hours announcement at 4:57 PM EDT; reaction assigned to next trading day.,"GlobeNewswire and company press release matched FDA approval date, company, drug, and announcement timing.",NME,CDER,,
DAWN,Day One Biopharmaceuticals,Ojemda (tovorafenib),2024-04-23,market_hours,APPROVAL,POSITIVE,small,https://www.globenewswire.com/news-release/2024/04/23/2868089/0/en/day-one-s-ojemda-tovorafenib-receives-us-fda-accelerated-approval-for-relapsed-or-refractory-braf-altered-pediatric-low-grade-glioma-plgg-the-most-common-form-of-childhood-brain-tu.html,yes,yes,yes,yes,yes,,2024-04-23,Market-hours announcement at 3:56 PM EDT; reaction assigned to same trading day.,"GlobeNewswire and Day One investor relations source matched FDA approval date, company, drug, and announcement timing.",NME,CDER,,
XFOR,X4 Pharmaceuticals,Xolremdi (mavorixafor),2024-04-26,pre_market,APPROVAL,POSITIVE,small,https://www.globenewswire.com/news-release/2024/04/29/2871050/0/en/x4-pharmaceuticals-announces-fda-approval-of-xolremdi-mavorixafor-capsules-first-drug-indicated-in-patients-with-whim-syndrome.html,yes,yes,yes,yes,yes,,2024-04-29,Pre-market announcement at 6:30 AM EDT on 2024-04-29; reaction assigned to same trading day.,"FDA approval date was 2024-04-26, but company press release was issued pre-market on 2024-04-29 after the weekend; market reaction assigned to 2024-04-29.",NME,CDER,195.6,
IONS,Ionis Pharmaceuticals,Tryngolza (olezarsen),2024-12-19,after_hours,APPROVAL,POSITIVE,mid,https://ir.ionis.com/news-releases/news-release-details/tryngolzatm-olezarsen-approved-us-first-ever-treatment-adults,yes,yes,yes,yes,yes,,2024-12-20,After-hours announcement at 4:01 PM EDT on 2024-12-19; reaction assigned to next trading day.,"Ionis press release matched FDA approval date, company, drug, and announcement timing.",NME,CDER,5619.6,
BBIO,BridgeBio Pharma,Attruby (acoramidis),2024-11-22,after_hours,APPROVAL,POSITIVE,mid,https://investor.bridgebio.com/news/news-details/2024/attruby-acoramidis-a-near-complete-ttr-stabilizer-90-approved-by-fda-to-reduce-cardiovascular-death-and-cardiovascular-related-hospitalization-in-attr-cm-patients-11-22-2024/default.aspx,yes,yes,yes,yes,yes,,2024-11-25,After-hours announcement at 7:12 PM EDT on 2024-11-22; reaction assigned to next trading day.,"GlobeNewswire source matched FDA approval date, company, drug, and announcement timing.",NME,CDER,4426.1,
CRNX,Crinetics Pharmaceuticals,Palsonify (paltusotine),2025-09-25,after_hours,APPROVAL,POSITIVE,small,https://www.globenewswire.com/news-release/2025/09/25/3156767/0/en/crinetics-announces-fda-approval-of-palsonify-paltusotine-for-the-treatment-of-adults-with-acromegaly.html,yes,yes, yes,yes,yes,,2025-09-26,After-hours announcement at 5:30 PM EDT on 2025-09-25; reaction assigned to next trading day.,"GlobeNewswire source matched FDA approval date, company, drug, and announcement timing.",NME,CDER,,
CYTK,Cytokinetics,Myqorzo (aficamten),2025-12-19,after_hours,APPROVAL,POSITIVE,mid,https://www.globenewswire.com/news-release/2025/12/19/3208724/0/en/cytokinetics-announces-fda-approval-of-myqorzo-aficamten-for-the-treatment-of-adults-with-symptomatic-obstructive-hypertrophic-cardiomyopathy-to-improve-functional-capacity-and-sym.html,yes,yes,yes,yes,yes,,2025-12-22,Announcement released at 4:00 PM EDT on 2025-12-19; treated as after-hours/market-close announcement and reaction assigned to next trading day.,"GlobeNewswire source matched FDA approval date, company, drug, and announcement timing.",NME,CDER,7668.5,
NERV,"Minerva Neurosciences, Inc",,2024-02-26,pre_market,CRL,NEGATIVE,small,,,,,,,,2024-02-27,,,NME,CDER,47.6,
ABEO,"Abeona Therapeutics, Inc.",,2024-04-16,after_hours,CRL,NEGATIVE,small,,,,,,,,2024-04-22,,,novel_biologic,CBER,207.1,
RCKT,"Rocket Pharmaceuticals, Inc.",,2024-06-14,pre_market,CRL,NEGATIVE,small,,,,,,,,2024-06-28,,,novel_biologic,CBER,1945.5,
APLT,"Applied Therapeutics, Inc.",,2024-11-27,after_hours,CRL,NEGATIVE,small,,,,,,,,2024-11-27,,,NME,CDER,,
LXRX,"Lexicon Pharmaceuticals, Inc.",,2024-12-20,after_hours,CRL,NEGATIVE,small,,,,,,,,2024-12-23,,,non-NME,CDER,256.7,
ATRA,"Atara Biotherapeutics, Inc.",,2025-01-15,pre_market,CRL,NEGATIVE,small,,,,,,,,2025-01-16,,,novel_biologic,CBER,75.8,
MIST,"Milestone Pharmaceuticals USA, Inc.",,2025-03-27,pre_market,CRL,NEGATIVE,small,,,,,,,,2025-03-28,,,NME,CDER,120.0,
UNCY,Unicycive Therapeutics Inc.,,2025-06-27,pre_market,CRL,NEGATIVE,small,,,,,,,,2025-06-30,,,non-NME,CDER,820.3,
RARE,Ultragenyx Pharmaceutical Inc.,,2025-07-07,after_hours,CRL,NEGATIVE,mid,,,,,,,,2025-07-14,PR Fri 7/11 (after close); Benzinga: shares -8% in Mon 7/14 premarket -> reaction 7/14. Note: separate 8-K 7/9 (Orbit/setrusumab interim miss) falls before window.,,novel_biologic,CBER,2789.9,
CAPR,"Capricor, Inc.",,2025-07-09,pre_market,CRL,NEGATIVE,small,,,,,,,,2025-07-11,,,novel_biologic,CBER,521.1,
REPL,"Replimune, Inc.",,2025-07-21,pre_market,CRL,NEGATIVE,small,,,,,,,,2025-07-22,,,novel_biologic,CBER,950.1,
PTCT,"PTC Therapeutics, Inc.",,2025-08-18,pre_market,CRL,NEGATIVE,mid,,,,,,,,2025-08-19,,,NME,CDER,3956.0,
SRRK,"Scholar Rock, Inc.",,2025-09-22,pre_market,CRL,NEGATIVE,mid,,,,,,,,2025-09-23,,,novel_biologic,CDER,3131.8,
BHVN,"Biohaven Therapeutics, Ltd.",,2025-11-04,after_hours,CRL,NEGATIVE,small,,,,,,,,2025-11-05,,,NME,CDER,1475.7,
CORT,Corcept Therapeutics,LIFYORLI (COPACKAGED) (relacorilant with nab-paclitaxel),2026-03-25,market_hours,APPROVAL,POSITIVE,mid,https://ir.corcept.com/news-releases/news-release-details/fda-approves-corcepts-selective-glucocorticoid-receptor,yes,yes,yes,yes,yes,,2026-03-25,Disclosed 2026-03-25 12:43 ET; same-day reaction.,'Copackaged' label is not a reason to exclude; approval of new active ingredient relacorilant.,NME,CDER,3597.6,
CELC,Celcuity,REVTORPYK (gedatolisib),2026-07-14,after_hours,APPROVAL,POSITIVE,mid,https://ir.celcuity.com/news-releases/news-release-details/celcuity-announces-fda-approval-revtorpyktm-gedatolisib,yes,yes,yes,yes,yes,,2026-07-15,Disclosed 2026-07-14 16:53 ET (after close); reaction next trading day 7/15.,Market cap at event about $5.415B (7/14 close x shares outstanding).,NME,CDER,5415.5,
SRRK,Scholar Rock,ISEMBYLD (apitegromab-mstn),2026-09-11,after_hours,APPROVAL,POSITIVE,mid,https://investors.scholarrock.com/news-releases/news-release-details/scholar-rock-announces-fda-approval-isembyldtm-apitegromab-mstn,yes,yes,yes,yes,yes,,2026-09-14,Fri 2026-09-11 BusinessWire 6:25 PM ET (after close); reaction rolled to Mon 2026-09-14.,v2 rule: one event per company per decision_type. SRRK also in CRL sample (2025-09-22). Approval ahead of 9/30 PDUFA after manufacturing-site CRL. Mid cap (~$6B post-event). NOTE: +30 trading-day window completes ~late Oct 2026; calculate will skip until then.,novel_biologic,CDER,6748.1,
IMCR,Immunocore,KIMMTRAK (tebentafusp-tebn),2022-01-25,pre_market,APPROVAL,POSITIVE,small,https://ir.immunocore.com/node/7401/html,yes,yes,yes,yes,yes,,2022-01-26,FDA approval 1/25; company PR Wed 1/26 before open (8:30 AM ET call); same-day reaction.,"Novel BLA, direct developer, Nasdaq-only listing (~$1B).",novel_biologic,CDER,961.9,
AGIO,Agios Pharmaceuticals,PYRUKYND (mitapivat),2022-02-17,after_hours,APPROVAL,POSITIVE,small,https://www.thepharmaletter.com/pharma-news/fda-approves-pyrukynd-for-anemia-in-adults-with-rare-inherited-disorder,yes,yes,yes,yes,yes,,2022-02-18,Thu 2/17 approval announced after close (AH +6.8%); reaction rolled to Fri 2/18.,"NME, direct developer; ~$1.7B.",NME,CDER,1599.9,
PHAT,Phathom Pharmaceuticals,VOQUEZNA TRIPLE/DUAL PAK (vonoprazan),2022-05-03,after_hours,APPROVAL,POSITIVE,small,https://www.sec.gov/Archives/edgar/data/1783183/000119312522138893/d230968d8k.htm,yes,yes,yes,yes,yes,,2022-05-04,"Tue 5/3 announced after close (~5:50 PM ET, post-market +12%); reaction 5/4.","First US approval of vonoprazan (NME); in-licensed from Takeda pre-approval, Phathom is NDA holder. Launch later delayed by nitrosamine issue.",NME,CDER,464.0,financing: 8-K 1.01/2.03 revenue-interest financing 2022-05-04 (= reaction day)
AMLX,Amylyx Pharmaceuticals,RELYVRIO (sodium phenylbutyrate/taurursodiol),2022-09-29,after_hours,APPROVAL,POSITIVE,small,https://www.sec.gov/Archives/edgar/data/1658551/000119312522254838/d379888dex991.htm,yes,yes,yes,yes,yes,,2022-09-30,Thu 9/29 announced after close; reaction 9/30 (closed -7% despite AH gain).,"CDER novel 2022; ~$2.0B, small/mid boundary. Heavily anticipated after 2nd AdCom. Drug withdrawn 2024 (not relevant to event window).",NME,CDER,1767.1,
RIGL,Rigel Pharmaceuticals,REZLIDHIA (olutasidenib),2022-12-01,after_hours,APPROVAL,POSITIVE,small,https://www.rigel.com/news-media/press-releases/detail/349/rigel-announces-u-s-fda-approval-of-rezlidhia,yes,yes,yes,yes,yes,,2022-12-02,Thu 12/1 announced after close (6:30 PM ET call); premarket +44% on 12/2.,"NME; worldwide license from Forma (Aug 2022) before approval, Rigel commercial owner. Surprise early approval (PDUFA 2/15/23). Tiny cap (~$0.1-0.2B).",NME,CDER,117.5,
TGTX,TG Therapeutics,BRIUMVI (ublituximab-xiiy),2022-12-28,market_hours,APPROVAL,POSITIVE,small,https://www.sec.gov/Archives/edgar/data/1001316/000155837022019019/tgtx-20221228x8k.htm,yes,yes,yes,yes,yes,,2022-12-28,Wed 12/28 approval disclosed during trading (shares +14% in afternoon); same-day reaction.,"Novel BLA, direct developer; ~$1.2B.",novel_biologic,CDER,1136.6,
MDWD,MediWound,NEXOBRID (anacaulase-bcdb),2022-12-28,pre_market,APPROVAL,POSITIVE,small,https://ir.mediwound.com/node/10221/html,yes,yes,yes,yes,yes,,2022-12-29,"MediWound PR dated 12/29; exact timestamp and partner Vericel's disclosure time need confirmation (if Vericel disclosed 12/28 during market, move to 12/28).","Novel BLA, developer; US commercial rights licensed to Vericel ($7.5M milestone). Nasdaq-only since 2014. 1:7 reverse split 12/20/22 (prices split-adjusted). CHECK TIMING.",novel_biologic,CDER,351.0,
TVTX,Travere Therapeutics,FILSPARI (sparsentan),2023-02-17,after_hours,APPROVAL,POSITIVE,small,https://ir.travere.com/node/14101,yes,yes,yes,yes,yes,,2023-02-21,Fri 2/17 PR with same-day 4:30 PM ET conference call -> released at/after close. Mon 2/20 Presidents Day (market closed) -> reaction Tue 2/21.,"NME, direct developer, accelerated approval; ~$1.3-1.4B.",NME,CDER,1143.6,
ACAD,Acadia Pharmaceuticals,DAYBUE (trofinetide),2023-03-10,market_hours,APPROVAL,POSITIVE,mid,https://acadia.com/media/news-releases/acadia-pharmaceuticals-announces-us-fda-approval-daybuetm,yes,yes,yes,yes,yes,,2023-03-10,"Fri 3/10 approval disclosed during session (Reuters/Benzinga report Friday close as the reaction, -0.7% to -4.7%); same-day reaction.","NME; licensed from Neuren (NA rights) pre-approval, Acadia NDA holder. ~$3.2B mid. Nuplazid already marketed.",NME,CDER,3327.3,
LXRX,Lexicon Pharmaceuticals,INPEFA (sotagliflozin),2023-05-26,after_hours,APPROVAL,POSITIVE,small,https://thepharmaletter.com/article/lexicon-leaps-as-fda-approves-inpefa-for-hf,yes,yes,yes,yes,yes,,2023-05-30,Fri 5/26 approval after close (AH +17%); Mon 5/29 Memorial Day -> reaction Tue 5/30 (closed -8.8%).,First US approval of sotagliflozin (NME). LXRX also in CRL sample (2024-12-20) - allowed under per-decision_type rule. ~$0.6B.,NME,CDER,600.1,offering: 424B5 filed 2023-05-31 (= t+1)
VRCA,Verrica Pharmaceuticals,YCANTH (cantharidin),2023-07-21,after_hours,APPROVAL,POSITIVE,small,https://news.streetbeat.com/article/33329263,yes,yes,yes,yes,yes,,2023-07-24,Fri 7/21 ~8:26 PM ET PR; reaction Mon 7/24.,"First FDA-approved cantharidin, direct developer; approval after 2 manufacturing CRLs. CONFOUND: $125M debt term sheet announced morning of 7/24 (stock -30%) - flag for sensitivity analysis. ~$0.3B.",non-NME,CDER,312.8,"debt: $125M loan term sheet announced morning of 2023-07-24 (PR only, no 8-K in window)"
TARS,Tarsus Pharmaceuticals,XDEMVY (lotilaner),2023-07-24,pre_market,APPROVAL,POSITIVE,small,https://ir.tarsusrx.com/node/8911/pdf,yes,yes,yes,yes,yes,,2023-07-25,FDA approval Mon 7/24; PR Tue 7/25 before open (8:30 AM ET webcast); reaction 7/25.,"Human NME, direct developer. Equity offering followed in Aug 2023 (outside [0,+1]). ~$0.6B.",NME,CDER,643.0,
CHRS,Coherus BioSciences,LOQTORZI (toripalimab-tpzi),2023-10-27,after_hours,APPROVAL,POSITIVE,small,https://www.nasdaq.com/articles/why-coherus-biosciences-stock-soared-today,yes,yes,yes,yes,yes,,2023-10-30,PR late Fri 10/27 (after close); reaction Mon 10/30 (+14%).,"Novel BLA; in-licensed US/Canada rights from Junshi (2021), Coherus is BLA holder and US commercial owner. Rest of business = biosimilars. ~$0.3B.",novel_biologic,CDER,249.4,financing: 8-K 1.01/2.03 2023-10-27 (same release as approval)
CRMD,CorMedix,DEFENCATH (taurolidine/heparin),2023-11-15,pre_market,APPROVAL,POSITIVE,small,https://seekingalpha.com/news/4037044-cormedix-stock-jumps-fda-nod-defencath,yes,yes,yes,yes,yes,,2023-11-15,Approval announced morning of Wed 11/15 (FDA record 9:53 AM ET; stock +35% in morning); same-day reaction.,"NME (Type 1+4), lead product, approved after prior CRLs. CONFOUND: Q3 earnings released 11/14 after close - both land on 11/15; flag. ~$0.2B.",NME,CDER,171.6,earnings: Q3 8-K 2.02 on 2023-11-14 after close (= t-1 evening)
AKBA,Akebia Therapeutics,VAFSEO,2024-03-27,pre_market,APPROVAL,POSITIVE,small,EDGAR 8-K 2024-03-28 00:35 ET,yes,yes,yes,auto,yes,,2024-03-27,rule: FDA-date anchor (window d0-1..d0+1). first 7.01/8.01 8-K 2024-03-28 00:35 ET (pre_market),v2 step2 auto-built; appno NDA215192; novelty NME (Type 1 - New Molecular Entity); mcap_t1 418.7M; status OK,NME,CDER,418.7,
IBRX,ImmunityBio,ANKTIVA,2024-04-22,market_hours,APPROVAL,POSITIVE,mid,EDGAR 8-K 2024-04-23 10:17 ET,yes,yes,yes,auto,yes,,2024-04-22,rule: FDA-date anchor (window d0-1..d0+1). first 7.01/8.01 8-K 2024-04-23 10:17 ET (market_hours),v2 step2 auto-built; appno BLA761336; novelty novel_biologic (Type 1 - New Molecular Entity); mcap_t1 nanM; status OK,novel_biologic,CDER,3551.7,
ASND,Ascendis Pharma,YORVIPATH,2024-08-09,market_hours,APPROVAL,POSITIVE,mid,EDGAR 8-K 2024-08-12 11:05 ET,yes,yes,yes,auto,yes,,2024-08-09,rule: FDA-date anchor (window d0-1..d0+1). first 7.01/8.01 8-K 2024-08-12 11:05 ET (market_hours),v2 step2 auto-built; appno NDA216490; novelty NME (Type 1 - New Molecular Entity); mcap_t1 nanM; status OK,NME,CDER,7270.0,
ZVRA,Zevra Therapeutics,MIPLYFFA,2024-09-20,after_hours,APPROVAL,POSITIVE,small,EDGAR 8-K 2024-09-20 20:12 ET,yes,yes,yes,auto,yes,,2024-09-20,rule: FDA-date anchor (window d0-1..d0+1). first 7.01/8.01 8-K 2024-09-20 20:12 ET (after_hours),v2 step2 auto-built; appno NDA214927; novelty NME (Type 1 - New Molecular Entity); mcap_t1 nanM; status CHECK_INTRADAY,NME,CDER,422.0,
ITRM,Iterum Therapeutics,ORLYNVAH,2024-10-25,,APPROVAL,POSITIVE,,,yes,yes,yes,auto,yes,,2024-10-25,rule: FDA-date anchor (window d0-1..d0+1). no 8-K in 10 days,v2 step2 auto-built; appno NDA213972; novelty NME (Type 1 - New Molecular Entity and Type 4 - New Combination); mcap_t1 nanM; status NO_FILING,NME,CDER,,offering: 424B5 on 2024-10-28 (= t+1); no price data anyway
SNDX,Syndax Pharmaceuticals,REVUFORJ,2024-11-15,after_hours,APPROVAL,POSITIVE,small,EDGAR 8-K 2024-11-15 22:41 ET,yes,yes,yes,auto,yes,,2024-11-15,rule: FDA-date anchor (window d0-1..d0+1). first 7.01/8.01 8-K 2024-11-15 22:41 ET (after_hours),v2 step2 auto-built; appno NDA218944; novelty NME (Type 1 - New Molecular Entity); mcap_t1 1428.8M; status CHECK_INTRADAY,NME,CDER,1428.8,
VSTM,Verastem,AVMAPKI FAKZYNJA CO-PACK (COPACKAGED),2025-05-08,after_hours,APPROVAL,POSITIVE,small,EDGAR 8-K 2025-05-08 20:31 ET,yes,yes,yes,auto,yes,,2025-05-08,rule: FDA-date anchor (window d0-1..d0+1). first 7.01/8.01 8-K 2025-05-08 20:31 ET (after_hours),v2 step2 auto-built; appno NDA219616; novelty NME (Type 1 - New Molecular Entity); mcap_t1 344.4M; status CHECK_INTRADAY,NME,CDER,344.4,
NUVB,Nuvation Bio,IBTROZI,2025-06-11,after_hours,APPROVAL,POSITIVE,small,EDGAR 8-K 2025-06-11 20:24 ET,yes,yes,yes,auto,yes,,2025-06-11,rule: FDA-date anchor (window d0-1..d0+1). first 7.01/8.01 8-K 2025-06-11 20:24 ET (after_hours),v2 step2 auto-built; appno NDA219713; novelty NME (Type 1 - New Molecular Entity); mcap_t1 nanM; status CHECK_INTRADAY,NME,CDER,860.9,
KALV,KalVista Pharmaceuticals,EKTERLY,2025-07-03,,APPROVAL,POSITIVE,,,yes,yes,yes,auto,yes,,2025-07-03,rule: FDA-date anchor (window d0-1..d0+1). no 8-K in 10 days,v2 step2 auto-built; appno NDA219301; novelty NME (Type 1 - New Molecular Entity); mcap_t1 nanM; status NO_FILING,NME,CDER,,
PTCT,PTC Therapeutics,SEPHIENCE,2025-07-28,after_hours,APPROVAL,POSITIVE,mid,EDGAR 8-K 2025-07-28 21:04 ET,yes,yes,yes,auto,yes,,2025-07-28,rule: FDA-date anchor (window d0-1..d0+1). first 7.01/8.01 8-K 2025-07-28 21:04 ET (after_hours),v2 step2 auto-built; appno NDA219666; novelty NME (Type 1 - New Molecular Entity); mcap_t1 24530.5M; status CHECK_INTRADAY,NME,CDER,3546.0,
LENZ,LENZ Therapeutics,VIZZ,2025-07-31,after_hours,APPROVAL,POSITIVE,small,EDGAR 8-K 2025-07-31 20:55 ET,yes,yes,yes,auto,yes,,2025-07-31,rule: FDA-date anchor (window d0-1..d0+1). first 7.01/8.01 8-K 2025-07-31 20:55 ET (after_hours),v2 step2 auto-built; appno NDA218585; novelty NME (Type 1 - New Molecular Entity); mcap_t1 877.3M; status CHECK_INTRADAY,NME,CDER,877.3,earnings: Q2 8-K 2.02 on 2025-07-30 (= t-1)
ARWR,Arrowhead Pharmaceuticals,REDEMPLO,2025-11-18,after_hours,APPROVAL,POSITIVE,mid,EDGAR 8-K 2025-11-18 19:49 ET,yes,yes,yes,auto,yes,,2025-11-18,rule: FDA-date anchor (window d0-1..d0+1). first 7.01/8.01 8-K 2025-11-18 19:49 ET (after_hours),v2 step2 auto-built; appno NDA219947; novelty NME (Type 1 - New Molecular Entity); mcap_t1 5551.0M; status CHECK_INTRADAY,NME,CDER,5551.0,
MIST,Milestone Pharmaceuticals,CARDAMYST,2025-12-12,market_hours,APPROVAL,POSITIVE,small,EDGAR 8-K 2025-12-15 13:56 ET,yes,yes,yes,auto,yes,,2025-12-12,rule: FDA-date anchor (window d0-1..d0+1). first 7.01/8.01 8-K 2025-12-15 13:56 ET (market_hours),v2 step2 auto-built; appno NDA218571; novelty NME (Type 1 - New Molecular Entity); mcap_t1 251.2M; status OK,NME,CDER,251.2,
OMER,Omeros,YARTEMLEA,2025-12-23,market_hours,APPROVAL,POSITIVE,small,EDGAR 8-K 2025-12-29 11:08 ET,yes,yes,yes,check,yes,,2025-12-23,rule: FDA-date anchor (window d0-1..d0+1). first 7.01/8.01 8-K 2025-12-29 11:08 ET (market_hours),v2 step2 auto-built; appno BLA761152; novelty novel_biologic (Type 1 - New Molecular Entity); mcap_t1 674.3M; status CHECK_GAP,novel_biologic,CDER,674.3,
VNDA,Vanda Pharmaceuticals,NEREUS,2025-12-30,after_hours,APPROVAL,POSITIVE,small,EDGAR 8-K 2025-12-30 23:45 ET,yes,yes,yes,auto,yes,,2025-12-30,rule: FDA-date anchor (window d0-1..d0+1). first 7.01/8.01 8-K 2025-12-30 23:45 ET (after_hours),v2 step2 auto-built; appno NDA220152; novelty NME (Type 1 - New Molecular Entity); mcap_t1 425.5M; status CHECK_INTRADAY,NME,CDER,425.5,
DNLI,Denali Therapeutics,AVLAYAH,2026-03-24,after_hours,APPROVAL,POSITIVE,mid,EDGAR 8-K 2026-03-25 19:13 ET,yes,yes,yes,check,yes,,2026-03-24,rule: FDA-date anchor (window d0-1..d0+1). first 7.01/8.01 8-K 2026-03-25 19:13 ET (after_hours),v2 step2 auto-built; appno BLA761485; novelty novel_biologic (Type 1 - New Molecular Entity); mcap_t1 3344.7M; status CHECK_GAP,novel_biologic,CDER,3344.7,
VRDN,Viridian Therapeutics,LUMVOA,2026-06-26,after_hours,APPROVAL,POSITIVE,small,EDGAR 8-K 2026-06-26 22:18 ET,yes,yes,yes,auto,yes,,2026-06-26,rule: FDA-date anchor (window d0-1..d0+1). first 7.01/8.01 8-K 2026-06-26 22:18 ET (after_hours),v2 step2 auto-built; appno BLA761530; novelty novel_biologic (Type 1 - New Molecular Entity); mcap_t1 nanM; status CHECK_INTRADAY,novel_biologic,CDER,1792.5,
VERA,Vera Therapeutics,TRUTAKNA,2026-07-07,after_hours,APPROVAL,POSITIVE,mid,EDGAR 8-K 2026-07-07 16:45 ET,yes,yes,yes,auto,yes,,2026-07-07,rule: FDA-date anchor (window d0-1..d0+1). first 7.01/8.01 8-K 2026-07-07 16:45 ET (after_hours),v2 step2 auto-built; appno BLA761486; novelty novel_biologic (Type 1 - New Molecular Entity); mcap_t1 2880.6M; status CHECK_INTRADAY,novel_biologic,CDER,2880.6,
BTAIQ,BioXcel Therapeutics,IGALMI,2022-04-05,after_hours,APPROVAL,POSITIVE,small,EDGAR 8-K 2022-04-07 20:15 ET,yes,yes,yes,check,yes,,2022-04-05,rule: FDA-date anchor (window d0-1..d0+1). first 7.01/8.01 8-K 2022-04-07 20:15 ET (after_hours),v2 step2 auto-built; appno NDA215390; novelty non-NME (Type 3 - New Dosage Form); mcap_t1 573.3M; status CHECK_GAP,non-NME,CDER,573.3,
SIGA,SIGA Technologies,TPOXX,2022-05-18,,APPROVAL,POSITIVE,small,,yes,yes,yes,auto,yes,,2022-05-18,rule: FDA-date anchor (window d0-1..d0+1). no 8-K in 10 days,v2 step2 auto-built; appno NDA214518; novelty non-NME (Type 3 - New Dosage Form); mcap_t1 527.1M; status NO_FILING,non-NME,CDER,527.1,
UTHR,United Therapeutics,TYVASO DPI,2022-05-23,market_hours,APPROVAL,POSITIVE,mid,EDGAR 8-K 2022-05-24 10:01 ET,yes,yes,yes,auto,yes,,2022-05-23,rule: FDA-date anchor (window d0-1..d0+1). first 7.01/8.01 8-K 2022-05-24 10:01 ET (market_hours),v2 step2 auto-built; appno NDA214324; novelty non-NME (Type 5 - New Formulation or New Manufacturer); mcap_t1 8531.3M; status OK,non-NME,CDER,8531.3,
ARQT,Arcutis Biotherapeutics,ZORYVE,2022-07-29,after_hours,APPROVAL,POSITIVE,small,EDGAR 8-K 2022-08-02 20:01 ET,yes,yes,yes,check,yes,,2022-07-29,rule: FDA-date anchor (window d0-1..d0+1). first 7.01/8.01 8-K 2022-08-02 20:01 ET (after_hours),v2 step2 auto-built; appno NDA215985; novelty non-NME (Type 3 - New Dosage Form); mcap_t1 1201.1M; status CHECK_GAP,non-NME,CDER,1201.1,
AXSM,Axsome Therapeutics,AUVELITY,2022-08-18,market_hours,APPROVAL,POSITIVE,small,EDGAR 8-K 2022-08-19 11:05 ET,yes,yes,yes,auto,yes,,2022-08-18,rule: FDA-date anchor (window d0-1..d0+1). first 7.01/8.01 8-K 2022-08-19 11:05 ET (market_hours),v2 step2 auto-built; appno NDA215430; novelty non-NME (Type 3 - New Dosage Form and Type 4 - New Combination); mcap_t1 1738.3M; status OK,non-NME,CDER,1738.3,
FENC,Fennec Pharmaceuticals,PEDMARK,2022-09-20,after_hours,APPROVAL,POSITIVE,small,EDGAR 8-K 2022-09-21 19:49 ET,yes,yes,yes,check,yes,,2022-09-20,rule: FDA-date anchor (window d0-1..d0+1). first 7.01/8.01 8-K 2022-09-21 19:49 ET (after_hours),v2 step2 auto-built; appno NDA212937; novelty non-NME (Type 5 - New Formulation or New Manufacturer); mcap_t1 171.8M; status CHECK_GAP,non-NME,CDER,171.8,
AVDL,Avadel Pharmaceuticals,LUMRYZ,2023-05-01,,APPROVAL,POSITIVE,mid,,yes,yes,yes,auto,yes,,2023-05-01,rule: FDA-date anchor (window d0-1..d0+1). no 8-K in 10 days,v2 step2 auto-built; appno NDA214755; novelty non-NME (Type 3 - New Dosage Form); mcap_t1 4742.8M; status NO_FILING,non-NME,CDER,,
DCTH,Delcath Systems,HEPZATO,2023-08-14,market_hours,APPROVAL,POSITIVE,small,EDGAR 8-K 2023-08-15 10:57 ET,yes,yes,yes,auto,yes,,2023-08-14,rule: FDA-date anchor (window d0-1..d0+1). first 7.01/8.01 8-K 2023-08-15 10:57 ET (market_hours),v2 step2 auto-built; appno NDA201848; novelty non-NME (Type 4 - New Combination); mcap_t1 48.3M; status OK,non-NME,CDER,48.3,
ARDX,Ardelyx,XPHOZAH,2023-10-17,after_hours,APPROVAL,POSITIVE,small,EDGAR 8-K 2023-10-17 23:05 ET,yes,yes,yes,auto,yes,,2023-10-17,rule: FDA-date anchor (window d0-1..d0+1). first 7.01/8.01 8-K 2023-10-17 23:05 ET (after_hours),v2 step2 auto-built; appno NDA213931; novelty non-NME (Type 10 - New Indication Submitted as Distinct NDA - Not Consolidated); mcap_t1 756.0M; status CHECK_INTRADAY,non-NME,CDER,756.0,financing: 8-K 1.01/2.03 on 2023-10-18 (= t+1)
GKOS,Glaukos,IDOSE TR,2023-12-13,market_hours,APPROVAL,POSITIVE,mid,EDGAR 8-K 2023-12-14 12:15 ET,yes,yes,yes,auto,yes,,2023-12-13,rule: FDA-date anchor (window d0-1..d0+1). first 7.01/8.01 8-K 2023-12-14 12:15 ET (market_hours),v2 step2 auto-built; appno NDA218010; novelty non-NME (Type 3 - New Dosage Form); mcap_t1 3046.1M; status OK,non-NME,CDER,3046.1,
DERM,Journey Medical,EMROSI,2024-11-01,market_hours,APPROVAL,POSITIVE,small,EDGAR 8-K 2024-11-04 12:30 ET,yes,yes,yes,auto,yes,,2024-11-01,rule: FDA-date anchor (window d0-1..d0+1). first 7.01/8.01 8-K 2024-11-04 12:30 ET (market_hours),v2 step2 auto-built; appno NDA219015; novelty non-NME (Type 5 - New Formulation or New Manufacturer); mcap_t1 115.8M; status OK,non-NME,CDER,115.8,"earnings: Q3 8-K 2.02 on 2024-11-04 (= t+1, same filing as approval PR)"
MIRM,Mirum Pharmaceuticals,CTEXLI,2025-02-21,,APPROVAL,POSITIVE,mid,,yes,yes,yes,auto,yes,,2025-02-21,rule: FDA-date anchor (window d0-1..d0+1). no 8-K in 10 days,v2 step2 auto-built; appno NDA219488; novelty non-NME (Type 5 - New Formulation or New Manufacturer); mcap_t1 2551.9M; status NO_FILING,non-NME,CDER,2551.9,
ETON,Eton Pharmaceuticals,KHINDIVI,2025-05-28,after_hours,APPROVAL,POSITIVE,small,EDGAR 8-K 2025-05-28 21:28 ET,yes,yes,yes,auto,yes,,2025-05-28,rule: FDA-date anchor (window d0-1..d0+1). first 7.01/8.01 8-K 2025-05-28 21:28 ET (after_hours),v2 step2 auto-built; appno NDA218980; novelty non-NME (Type 3 - New Dosage Form); mcap_t1 537.4M; status CHECK_INTRADAY,non-NME,CDER,537.4,
URGN,UroGen Pharma,ZUSDURI,2025-06-12,market_hours,APPROVAL,POSITIVE,small,EDGAR 8-K 2025-06-13 12:00 ET,yes,yes,yes,auto,yes,,2025-06-12,rule: FDA-date anchor (window d0-1..d0+1). first 7.01/8.01 8-K 2025-06-13 12:00 ET (market_hours),v2 step2 auto-built; appno NDA215793; novelty non-NME (Type 3 - New Dosage Form); mcap_t1 336.6M; status OK,non-NME,CDER,336.6,
TNXP,Tonix Pharmaceuticals,TONMYA,2025-08-15,after_hours,APPROVAL,POSITIVE,small,EDGAR 8-K 2025-08-15 21:23 ET,yes,yes,yes,auto,yes,,2025-08-15,rule: FDA-date anchor (window d0-1..d0+1). first 7.01/8.01 8-K 2025-08-15 21:23 ET (after_hours),v2 step2 auto-built; appno NDA219428; novelty non-NME (Type 3 - New Dosage Form); mcap_t1 522.3M; status CHECK_INTRADAY,non-NME,CDER,522.3,
AKBA,Akebia Therapeutics,vadadustat,2022-03-30,market_hours,CRL,NEGATIVE,small,https://ir.akebia.com/news-releases/news-release-details/akebia-therapeutics-receives-complete-response-letter-fda,yes,yes,yes,yes,yes,,2022-03-30,"PR 2022-03-30 1:33 PM ET (intraday, conference call 6 PM); same-day reaction. 8-K filed that evening.","v2 CRL 2022-23 (EDGAR full-text search). NME (later approved as Vafseo 2024, in APPROVAL sample). Safety-based CRL.",NME,CDER,442.2,
CHRS,Coherus BioSciences,toripalimab,2022-05-02,pre_market,CRL,NEGATIVE,small,https://www.globenewswire.com/news-release/2022/05/02/2433328/33333/en/Coherus-and-Junshi-Biosciences-Receive-Complete-Response-Letter-from-U-S-FDA-for-Toripalimab-BLA.html,yes,yes,yes,yes,yes,,2022-05-02,PR 2022-05-02 7:00 AM ET (premarket); same-day reaction.,"v2 CRL 2022-23 (EDGAR full-text search). novel_biologic (Coherus = US BLA holder; approved 10/2023 as LOQTORZI, in APPROVAL sample). CRL: quality process change + inspection.",novel_biologic,CDER,698.6,
AXSM,Axsome Therapeutics,AXS-07 (meloxicam/rizatriptan),2022-05-02,pre_market,CRL,NEGATIVE,small,https://www.prnewswire.com/news-releases/axsome-therapeutics-receives-fda-complete-response-letter-for-new-drug-application-for-axs-07-for-the-acute-treatment-of-migraine-301537093.html,yes,yes,yes,yes,yes,,2022-05-02,PR morning of Mon 5/2 alongside Q1 results; same-day reaction.,v2 CRL 2022-23 (EDGAR full-text search). non-NME (combination of approved meloxicam + rizatriptan). CMC-only CRL; CMC issues flagged 4/25 -> partly anticipated. CONFOUND: Q1 earnings same morning.,non-NME,CDER,1235.5,earnings: Q1 2022 results released same morning as CRL PR (5/2)
VRCA,Verrica Pharmaceuticals,VP-102 (cantharidin),2022-05-24,after_hours,CRL,NEGATIVE,small,https://verrica.com/press_release/verrica-receives-complete-response-letter-from-the-fda-for-its-nda-for-vp-102-as-a-direct-result-of-deficiencies-at-general-reinspection-of-sterling-pharmaceuticals-services-llc/,yes,yes,yes,yes,yes,,2022-05-25,PR evening of 5/24 after close (GlobeNewswire dated 5/25 UTC); reaction 5/25.,"v2 CRL 2022-23 (EDGAR full-text search). non-NME (same tag as VRCA approval row). Second CRL, caused by CMO (Sterling) reinspection.",non-NME,CDER,153.0,
SPRO,Spero Therapeutics,tebipenem HBr,2022-06-27,after_hours,CRL,NEGATIVE,small,https://www.globenewswire.com/news-release/2022/06/27/2469890/0/en/Spero-Therapeutics-Receives-Complete-Response-Letter-from-U-S-Food-and-Drug-Administration-for-Tebipenem-HBr-New-Drug-Application.html,yes,yes,yes,yes,yes,,2022-06-28,"PR 2022-06-27 4:05 PM ET (after close, PDUFA date); reaction 6/28.",v2 CRL 2022-23 (EDGAR full-text search). NME. Largely anticipated: May 2022 FDA feedback that data insufficient -> restructuring before CRL.,NME,CDER,30.9,
SUPN,Supernus Pharmaceuticals,SPN-830 (apomorphine infusion),2022-10-10,pre_market,CRL,NEGATIVE,small,https://www.globenewswire.com/news-release/2022/10/10/2531002/19871/en/Supernus-Provides-Regulatory-Update-on-SPN-830.html,yes,yes,yes,yes,yes,,2022-10-10,"PR 2022-10-10 8:30 AM ET (premarket; Columbus Day, NYSE open); same-day reaction. 8-K filed 10/11.",v2 CRL 2022-23 (EDGAR full-text search). non-NME (apomorphine previously approved); drug-device CRL.,non-NME,CDER,1780.9,
CYTK,Cytokinetics,omecamtiv mecarbil,2023-02-28,after_hours,CRL,NEGATIVE,mid,https://www.globenewswire.com/news-release/2023/02/28/2617757/0/en/Cytokinetics-Receives-Complete-Response-Letter-From-FDA-for-New-Drug-Application-for-Omecamtiv-Mecarbil.html,yes,yes,yes,yes,yes,,2023-03-01,PR evening of 2/28 after close; reaction 3/1.,v2 CRL 2022-23 (EDGAR full-text search). NME. Negative AdCom 12/2022 -> CRL widely expected. CONFOUND: Q4 earnings 3/1 after close (= t+1).,NME,CDER,4126.2,earnings + offering: 8-K 2.02 and 424B5 both on 2023-03-01 (= reaction day)
ASND,Ascendis Pharma,TransCon PTH (palopegteriparatide),2023-05-01,pre_market,CRL,NEGATIVE,mid,https://www.globenewswire.com/news-release/2023/05/01/2658174/0/en/U-S-Food-Drug-Administration-Issues-Complete-Response-Letter-for-TransCon-PTH-in-Hypoparathyroidism.html,yes,yes,yes,yes,yes,,2023-05-01,PR morning of Mon 5/1 before open; same-day reaction.,"v2 CRL 2022-23 (EDGAR full-text search). NME (approved 2024 as Yorvipath, in APPROVAL sample). Danish ADS, Nasdaq-only listing (same treatment as MDWD); 6-K filer. CMC CRL.",NME,CDER,3998.4,
IBRX,ImmunityBio,Anktiva (N-803) + BCG,2023-05-10,after_hours,CRL,NEGATIVE,mid,https://www.fiercepharma.com/manufacturing/immunitybio-gets-fda-snub-cancer-drug-stock-slumps-overnight-trading,yes,yes,yes,yes,yes,,2023-05-11,CRL dated 5/9 disclosed after close Wed 5/10; shares -50% overnight; reaction Thu 5/11.,"v2 CRL 2022-23 (EDGAR full-text search). novel_biologic (CDER BLA; approved 2024, in APPROVAL sample). CRL tied to CMO pre-license inspection.",novel_biologic,CDER,2711.8,
ALDX,Aldeyra Therapeutics,ADX-2191 (methotrexate intravitreal),2023-06-21,after_hours,CRL,NEGATIVE,small,https://www.sec.gov/Archives/edgar/data/1341235/000115752323001018/a53427165ex99_1.htm,yes,yes,yes,yes,yes,,2023-06-22,PR and 8-K evening of 6/21 after close; reaction 6/22.,v2 CRL 2022-23 (EDGAR full-text search). non-NME (505(b)(2) methotrexate). Replaces ALDX 2025-04 reproxalap CRL (earliest-event rule).,non-NME,CDER,452.2,
CTXR,Citius Pharmaceuticals,LYMPHIR (denileukin diftitox),2023-07-29,after_hours,CRL,NEGATIVE,small,https://www.sec.gov/Archives/edgar/data/1506251/000121390023061292/ea182624-8kex99i_citius.htm,yes,yes,yes,yes,yes,,2023-07-31,PR Sat 7/29 (weekend); reaction Mon 7/31.,"v2 CRL 2022-23 (EDGAR full-text search). non-NME (denileukin diftitox previously approved as Ontak). CMC-only CRL, no efficacy/safety issues.",non-NME,CDER,177.9,
OTLK,Outlook Therapeutics,ONS-5010 (bevacizumab-vikg),2023-08-30,pre_market,CRL,NEGATIVE,small,https://www.sec.gov/Archives/edgar/data/1649989/000110465923096669/tm2325118d1_8k.htm,yes,yes,yes,yes,yes,,2023-08-30,PR morning of 8/30 before open (shares -50%+ premarket); same-day reaction.,v2 CRL 2022-23 (EDGAR full-text search). non-NME (bevacizumab ophthalmic). Replaces OTLK 2025-08 CRL (earliest-event rule).,non-NME,CDER,366.9,
SPRY,ARS Pharmaceuticals,neffy (epinephrine nasal spray),2023-09-19,after_hours,CRL,NEGATIVE,small,https://www.globenewswire.com/news-release/2023/09/20/2746095/0/en/FDA-Issues-Complete-Response-Letter-for-neffy-epinephrine-nasal-spray-New-Drug-Application-with-Request-for-Additional-Study.html,yes,yes,yes,yes,yes,,2023-09-20,PR 2023-09-19 10:49 PM ET (after close); reaction 9/20.,v2 CRL 2022-23 (EDGAR full-text search). non-NME (epinephrine). CRL after a positive AdCom (5/2023) -> surprise.,non-NME,CDER,631.2,
CORT,Corcept Therapeutics,relacorilant (hypercortisolism),2025-12-31,pre_market,CRL,NEGATIVE,mid,https://www.sec.gov/cgi-bin/browse-edgar?action=getcompany&CIK=CORT&type=8-K,yes,yes,yes,yes,yes,,2025-12-31,PR 2025-12-31 8:00 AM ET (premarket); shares -50% same day. 8-K filed that evening.,"v2 CRL 2024-26 (EDGAR full-text search). NME (relacorilant; NDA 219398, FDA letter dated 2026-01-28 in CRL DB). FDA said GRACE met primary endpoint but evidence insufficient. CORT approval in sample is a different NDA (Lifyorli, ovarian cancer).",NME,CDER,7384.2,
AQST,Aquestive Therapeutics,Anaphylm (dibutepinephrine) sublingual film,2026-02-02,pre_market,CRL,NEGATIVE,small,https://www.sec.gov/cgi-bin/browse-edgar?action=getcompany&CIK=AQST&type=8-K,yes,yes,yes,yes,yes,,2026-02-02,CRL received Fri 1/30; disclosed Mon 2/2 before/at open (8-K accepted midday); same-day reaction.,v2 CRL 2024-26 (EDGAR full-text search). NME tag (dibutepinephrine = epinephrine prodrug; novelty tag uncertain).,NME,CDER,359.9,
RGNX,REGENXBIO,RGX-121 (clemidsogene lanparvovec),2026-02-09,after_hours,CRL,NEGATIVE,small,https://www.sec.gov/cgi-bin/browse-edgar?action=getcompany&CIK=RGNX&type=8-K,yes,yes,yes,yes,yes,,2026-02-10,PR dated Mon 2/9 (evening); 8-K accepted before open 2/10 -> reaction 2/10.,"v2 CRL 2024-26 (EDGAR full-text search). novel_biologic (AAV gene therapy, BL 125840 -> CBER).",novel_biologic,CBER,521.9,
IRON,Disc Medicine,bitopertin (EPP),2026-02-13,market_hours,CRL,NEGATIVE,mid,https://www.sec.gov/cgi-bin/browse-edgar?action=getcompany&CIK=IRON&type=8-K,yes,yes,yes,yes,yes,,2026-02-13,"PR 2026-02-13 3:04 PM ET (intraday, GlobeNewswire); 8-K after close.",v2 CRL 2024-26 (EDGAR full-text search). NME (bitopertin; NDA 220707). Company attached the CRL itself to the 8-K.,NME,CDER,2704.8,
GRCE,Grace Therapeutics,GTx-104 (IV nimodipine),2026-04-23,market_hours,CRL,NEGATIVE,small,https://www.sec.gov/cgi-bin/browse-edgar?action=getcompany&CIK=GRCE&type=8-K,yes,yes,yes,yes,yes,,2026-04-23,PR 2026-04-23 1:13 PM ET (intraday); 8-K after close.,v2 CRL 2024-26 (EDGAR full-text search). non-NME (new formulation of approved nimodipine). CMC-related CRL. Formerly Acasti Pharma.,non-NME,CDER,66.7,
CING,Cingulate,CTx-1301 (dexmethylphenidate),2026-06-02,pre_market,CRL,NEGATIVE,small,https://www.sec.gov/cgi-bin/browse-edgar?action=getcompany&CIK=CING&type=8-K,yes,yes,yes,yes,yes,,2026-06-02,PR morning of 6/2 (8-K accepted midday); same-day reaction.,"v2 CRL 2024-26 (EDGAR full-text search). non-NME (dexmethylphenidate, new release platform). CMC-related CRL.",non-NME,CDER,47.8,
ACHV,Achieve Life Sciences,cytisinicline,2026-06-20,after_hours,CRL,NEGATIVE,small,https://www.sec.gov/cgi-bin/browse-edgar?action=getcompany&CIK=ACHV&type=8-K,yes,yes,yes,yes,yes,,2026-06-22,CRL received Sat 6/20 (FDA DB letter date); first trading day Mon 6/22. CHECK: confirm PR date via verify_events.,v2 CRL 2024-26 (EDGAR full-text search). NME. Company pre-announced in April 2026 that a CRL was expected -> largely anticipated (expect small reaction).,NME,CDER,497.9,
