ticker,event_date,ann,post,net,post_raw
AKBA,2022-03-30,-66.65,-14.7,-15.7,-42.48
VRCA,2022-05-24,-66.43,32.54,31.54,50.38
IBRX,2023-05-10,-61.22,16.24,15.239999999999998,13.6
OTLK,2023-08-30,-83.72,33.41,32.41,20.18
SPRY,2023-09-19,-41.42,5.28,4.28,-3.0
NERV,2024-02-26,-62.69,-1.32,-2.3200000000000003,-12.72
ABEO,2024-04-16,-57.2,19.33,18.33,26.98
ATRA,2025-01-15,-49.42,9.24,8.24,6.54
MIST,2025-03-27,-59.26,52.03,51.03,50.0
CAPR,2025-07-09,-35.05,-6.93,-7.93,-3.92
REPL,2025-07-21,-75.68,70.61,69.61,76.76
BHVN,2025-11-04,-40.01,20.67,19.67,30.48
CORT,2025-12-31,-45.46,3.53,2.53,4.63
GRCE,2026-04-23,-43.7,3.46,2.46,0.0
