ticker,decision_type,event_trading_day,simple_abn_xbi,confounded,novelty,alpha_xbi,beta_xbi,est_n_xbi,car_xbi,scar_xbi,alpha_spy,beta_spy,est_n_spy,car_spy,scar_spy
GERN,APPROVAL,2024-06-07,30.46,,NME,0.1998783636006071,1.329643044302655,220,28.57453873769781,2.845733151520082,0.12009726793035344,0.8548705842218552,220,27.398391557070866,2.5965879715962057
MDGL,APPROVAL,2024-03-15,17.87,offering: 424B5 filed 2024-03-18 (= t+1),NME,-0.06145382894005512,0.9486790269817076,220,17.38413795653912,4.085365538436333,-0.06436180959788672,0.6593731822882697,220,15.949059252676243,3.302385185001521
XFOR,APPROVAL,2024-04-29,-5.22,,NME,-0.17236123295133826,1.424541378476099,220,-5.305297121212583,-0.6394756243596188,-0.2533870785202946,2.003811077043207,220,-0.7140557784932087,-0.08055556287768212
IONS,APPROVAL,2024-12-20,-0.94,,NME,-0.13899171728229728,0.6052994786304311,220,0.2561098087346435,0.08786136497668734,-0.14436024784381474,0.6034243545225894,220,0.5779789494011606,0.18310710299524235
BBIO,APPROVAL,2024-11-25,10.18,,NME,-0.1673762639282655,1.0988226933287726,220,10.713594729137498,2.514452773316777,-0.18374111116388306,1.5172725822625674,220,12.399578705095117,2.6307057223078103
CYTK,APPROVAL,2025-12-22,-0.61,,NME,0.05783417276362615,1.3444367166661355,220,-1.111049488720289,-0.21955541271062812,0.15516242123424898,0.5812381936044151,220,0.13241762839381632,0.022179602490325717
NERV,CRL,2024-02-27,-62.69,,NME,0.835935111891706,1.3595260299894611,220,-65.37852675592384,-5.397312675780627,0.7742583873950106,1.5587304259105856,220,-59.38417809055539,-4.7862381084502665
ABEO,CRL,2024-04-22,-57.2,,novel_biologic,0.4574088154096908,0.7118291022310994,220,-58.946995233221585,-9.459083635073032,0.44539314752203807,0.7592521466988048,220,-58.9335462220819,-9.093128177411176
RCKT,CRL,2024-06-28,-3.79,,novel_biologic,0.07384494875720968,1.1444288153477302,220,-3.9444343434430102,-0.8121386832925233,-0.018270837871493875,1.8067327076303665,220,-3.198549593017293,-0.5974667886614923
LXRX,CRL,2024-12-23,6.27,,non-NME,0.06759471934124738,1.501025423663993,220,7.177393141440998,0.8714607389835282,-0.005311737871997333,1.8165708097827427,220,5.371381548561915,0.6181758414105389
ATRA,CRL,2025-01-16,-49.42,,novel_biologic,-0.004010133088776506,1.4053703683318919,220,-55.66588561309122,-5.381552588438678,-0.12561678279944924,1.836179550834821,220,-57.832617843200495,-5.4423898673275755
MIST,CRL,2025-03-28,-59.26,,NME,0.1591218691030755,0.6482518351338555,220,-66.90696075465252,-16.11973988659058,0.07795719053422767,1.0070624557792371,220,-68.7836796329775,-16.476582163892996
UNCY,CRL,2025-06-30,-28.03,,non-NME,0.4374409718760241,1.1933009863891226,220,-28.103289214436344,-3.2383836294853263,0.3139480570060896,0.7896636967889814,220,-28.107459868091535,-3.100416043114314
RARE,CRL,2025-07-14,-6.55,,novel_biologic,0.006393657352537226,0.9861923105736012,220,-6.68646372112057,-2.3011713566543732,-0.10793834388813361,0.8483362230048096,220,-7.47724320709506,-2.1578683957150937
CAPR,CRL,2025-07-11,-35.05,,novel_biologic,0.7846083851791359,1.300766957609817,220,-37.69078130104795,-3.285864517884739,0.6495852044411541,1.2534201392157012,220,-37.352442167348784,-3.1948245618523075
REPL,CRL,2025-07-22,-75.68,,novel_biologic,0.20024595685480032,1.474247394804805,220,-62.75622980646017,-10.497174403609149,0.07157763482429282,0.8435725602446401,220,-59.219437887757834,-8.640514908928333
PTCT,CRL,2025-08-19,-0.81,,NME,0.2899268810141732,1.0583071950142509,220,-1.340165758893587,-0.2976109378377178,0.16043080193674422,1.0785203778612102,220,-1.3631031446174786,-0.282550692150783
SRRK,CRL,2025-09-23,3.36,,novel_biologic,1.6553141725744582,0.8175660992733337,220,0.070919621074788,0.002010477161699864,1.5747320559626317,0.45136879523288,220,0.7421168659658715,0.020994544680167593
BHVN,CRL,2025-11-05,-40.01,,NME,-0.45964825716657737,1.6825455836607466,220,-38.96291075528204,-7.10458520009783,-0.5875256402586606,1.6540569595444141,220,-35.560333239780746,-5.640067268581916
CORT,APPROVAL,2026-03-25,10.28,,NME,0.10154799604047782,0.32209280871770907,220,13.491184510163528,1.0636791127255312,0.03671416013599717,1.2932840803886299,220,16.38474542302928,1.313147645643931
CELC,APPROVAL,2026-07-15,-18.28,,NME,1.2639721935203005,0.7700231244119555,220,-21.943708700156147,-1.2786901432379387,1.3219048753290823,1.2111976270177038,220,-23.582002539769945,-1.3749110172200683
IMCR,APPROVAL,2022-01-26,1.0,,novel_biologic,0.11063065250921891,0.9333046016764671,214,1.3371141646944418,0.21658303348171082,-0.10239263278719474,0.5088126639668935,214,-3.9364864155503305,-0.5922740503052437
AGIO,APPROVAL,2022-02-18,0.09,,NME,-0.08794685530513603,0.7520090600446564,220,-0.25351244090291547,-0.088597453506406,-0.2616513506724093,0.695840758560398,220,-0.3186170134113959,-0.09027330115690288
PHAT,APPROVAL,2022-05-04,-6.76,financing: 8-K 1.01/2.03 revenue-interest financing 2022-05-04 (= reaction day),NME,-0.24981744046400903,0.774003256155142,220,-7.53141262877922,-1.6705917098591347,-0.39381566686511305,1.0777036817771248,220,-9.611489296955657,-1.981333547852573
AMLX,APPROVAL,2022-09-30,-2.88,,NME,0.5375597375769386,0.8089560453617805,152,-3.293465303877772,-0.31764679757321745,0.5471873953106778,1.0314510595564588,152,-3.295922035000351,-0.3058240253302126
RIGL,APPROVAL,2022-12-02,39.96,,NME,-0.06085709337138926,1.11176909266733,220,36.807748439367444,4.151042813509512,-0.07377229917471709,1.498527147592863,220,39.53281206736261,4.136891502102878
TGTX,APPROVAL,2022-12-28,28.24,,novel_biologic,0.17007585689080756,2.0244007989139727,220,21.193844318238973,2.664559733715129,0.17915338284881566,2.7787778368113334,220,29.208759337749104,2.9217982521773966
MDWD,APPROVAL,2022-12-29,-0.47,,novel_biologic,-0.11315717291300188,0.36320427315254344,220,3.103905915108052,0.518631657754012,-0.10787490554931288,0.5643852304030996,220,4.133317283186317,0.684238364615084
TVTX,APPROVAL,2023-02-21,20.77,,NME,-0.08846721596289064,0.8297335352613663,220,20.67698983584993,5.859692726574178,-0.04021400825713913,1.0429001103442221,220,19.826147149850755,4.569993014800524
ACAD,APPROVAL,2023-03-10,-4.26,,NME,-0.06467040239188963,0.9090952096478946,220,-4.3645624690042215,-0.88179167339193,-0.014163156937794222,1.0361707172541417,220,-3.724282126660715,-0.6461116815541467
LXRX,APPROVAL,2023-05-30,4.24,offering: 424B5 filed 2023-05-31 (= t+1),NME,0.20238411515244903,1.5066634232117755,220,5.260642591803204,0.8108758297099534,0.2867693449327639,1.837543413206015,220,5.36348790190309,0.7119485112861456
VRCA,APPROVAL,2023-07-24,-26.51,"debt: $125M loan term sheet announced morning of 2023-07-24 (PR only, no 8-K in window)",non-NME,0.33574617442302407,1.038313913889384,220,-25.79962848670824,-3.7429214864918046,0.31640721438450786,1.7823493578922962,220,-29.261465623837445,-4.235484952165849
TARS,APPROVAL,2023-07-25,-16.73,,NME,0.12285756838600217,0.7553302895049299,220,-14.558563374048264,-4.137257912681049,0.1253500474068219,0.8839799761856809,220,-15.153793653537246,-3.8578419799741965
CHRS,APPROVAL,2023-10-30,23.6,financing: 8-K 1.01/2.03 2023-10-27 (same release as approval),novel_biologic,-0.07475458482395168,1.459556509707227,220,20.696204273698527,3.03965319258547,-0.2187344168909266,1.5675161721444233,220,22.88972723041976,3.083654375299097
CRMD,APPROVAL,2023-11-15,22.51,earnings: Q3 8-K 2.02 on 2023-11-14 after close (= t-1 evening),NME,0.1211034425640466,0.9478743721798948,220,21.300848932730116,3.8816085938264067,0.013079332768285525,1.2868769148378463,220,20.04788949679689,3.5086983614191105
AKBA,APPROVAL,2024-03-27,-10.87,,NME,0.4843783557946611,1.1861620141714047,220,-10.088266631698652,-1.2767052332664621,0.47316809887989064,1.3046480847148292,220,-8.32138040769414,-0.9988209148600055
IBRX,APPROVAL,2024-04-22,1.93,,novel_biologic,0.5626636127574558,1.9239573711404605,220,-0.5499916916691792,-0.04410179364917774,0.4327260965591306,2.9464431820220383,220,-2.2035334716829134,-0.16797479602050622
ASND,APPROVAL,2024-08-09,1.13,,NME,0.1506084901518597,0.6255550163004366,220,1.141507652270809,0.38209523136951107,0.12582619981864165,0.7560159787644402,220,1.350346654816165,0.4078954444452805
ZVRA,APPROVAL,2024-09-20,-2.34,,NME,0.16078235066904956,0.7827575404162914,220,-3.298540776985364,-0.5776599734765464,0.18486206452457488,0.767000765992071,220,-5.885397382317782,-0.9818635886408787
SNDX,APPROVAL,2024-11-15,1.11,,NME,-0.022032043418167623,1.0526134488420886,220,1.5153734588118233,0.46451785107796106,0.009754619478599034,1.1995740915746185,220,-2.923406997184078,-0.7502625314185184
VSTM,APPROVAL,2025-05-08,8.42,,NME,0.13438766979730263,1.5736649366395679,220,8.705692968339381,0.8319437377797247,0.05676725581424219,1.1791903436710962,220,6.266109010344641,0.5767920383100201
NUVB,APPROVAL,2025-06-11,-27.38,,NME,0.023055440706967554,1.346371073978487,220,-29.364224377871047,-5.198764336504496,-0.06341280850426113,1.1782111998909222,220,-30.776155301934587,-5.0146564678203776
PTCT,APPROVAL,2025-07-28,12.19,,NME,0.327321454168164,1.06993733785885,220,11.787354377046206,2.589640235816173,0.18690516496962278,1.1058103077637544,220,10.215294742040212,2.1044493741697363
LENZ,APPROVAL,2025-07-31,-2.24,earnings: Q2 8-K 2.02 on 2025-07-30 (= t-1),NME,0.25065190530522213,1.4402108906959497,220,-2.5669011418820653,-0.4953921725543118,0.0581849947365766,1.6767583600123577,220,0.6806495949593612,0.12429070843043089
ARWR,APPROVAL,2025-11-18,-2.65,,NME,0.30048697602482144,1.7702199887384746,220,-3.004868233692584,-0.6099837009666694,0.29592371768018944,1.7152665666672293,220,-2.7235456948655448,-0.46464515382762017
MIST,APPROVAL,2025-12-12,-20.36,,NME,0.20883346715379564,1.2520672497810792,220,-21.236912738234146,-2.2735249787821976,0.21828546469583907,1.2479128951484684,220,-19.908442690610766,-2.0729318126061322
OMER,APPROVAL,2025-12-23,61.2,,novel_biologic,0.08765313792198579,1.6905683464026866,220,66.83684916880271,4.079452358881851,0.15855788944633734,1.3089385339519437,220,66.17546734579354,3.951360484767331
VNDA,APPROVAL,2025-12-30,23.68,,NME,-0.07515178347509487,0.6344861386331638,220,24.00035589579231,6.596874776954537,-0.04694827149810728,0.5973551612181464,220,23.710610779683147,6.21174452201003
DNLI,APPROVAL,2026-03-24,4.72,,novel_biologic,-0.03169410729305859,1.5275819283695724,220,3.7615834270914905,0.9740667675279779,0.11171614785715295,1.3026587504903802,220,6.071993443601683,1.210573611200568
VRDN,APPROVAL,2026-06-26,3.62,,novel_biologic,-0.06559868216657587,1.0593466339954614,220,3.3898413605508178,0.5462811740006397,0.06737323695576497,1.2220549437524655,220,6.640445170526434,1.0221417868880527
VERA,APPROVAL,2026-07-07,4.39,,novel_biologic,-0.0185509452478777,1.2213925980490277,220,4.202132645660923,0.9574152509860362,0.1338466477593024,1.3553218522648165,220,6.613427808861951,1.3153742198521754
BTAIQ,APPROVAL,2022-04-05,-0.1,,non-NME,-0.03423850578124461,1.389646326783984,220,1.0793893781701815,0.2392191470914527,-0.30713963673795247,1.4522978261518225,220,0.923838235911046,0.1594323235312353
SIGA,APPROVAL,2022-05-18,21.7,,non-NME,0.10273287243421486,0.44163986407245304,220,19.578689848298808,6.304478701994493,0.014063084492933853,0.7828322661526061,220,22.168105939965894,6.709790545111132
UTHR,APPROVAL,2022-05-23,20.42,,non-NME,0.055795116781598646,0.19443653320935186,220,16.473680161350497,5.528951804201336,0.013832001197546722,0.4791495700719998,220,15.214793601582397,5.138475751967917
ARQT,APPROVAL,2022-07-29,-9.6,,non-NME,0.29195494252090354,1.0598947374237297,220,-9.290502483142788,-2.2082352762350395,0.08795260913435714,1.3171170798692295,220,-14.341398248255068,-2.7061458103424005
AXSM,APPROVAL,2022-08-18,40.64,,non-NME,0.7165187251365028,1.1922969038172073,220,40.371156415428246,4.886111156227712,0.6344948321039138,1.669825059610384,220,39.21540674321806,4.3719858357022
FENC,APPROVAL,2022-09-20,33.36,,non-NME,0.09590086418988557,0.4434798451066904,220,29.192686481627703,4.593558720895653,0.048374218870554195,0.5182641178707064,220,29.110275819820732,4.443850822685099
DCTH,APPROVAL,2023-08-14,79.49,,non-NME,0.17204720102147858,0.14471617076272478,220,80.1298376390136,13.56662952008545,0.1509767869825221,0.5998116825269054,220,80.53060714005073,13.812945632753319
ARDX,APPROVAL,2023-10-17,15.13,financing: 8-K 1.01/2.03 on 2023-10-18 (= t+1),non-NME,0.6696185905233083,1.2055225543442305,220,14.36702627567763,1.875528066219505,0.5759934482675136,1.1135861199075974,220,13.093966074031744,1.6105862272689828
GKOS,APPROVAL,2023-12-13,14.6,,non-NME,0.2571422094500783,0.5953708129383058,220,17.67516238820174,5.875761805922627,0.17625439048315925,0.9430653797777028,220,20.19606423411463,6.5655759297119936
DERM,APPROVAL,2024-11-01,-9.74,"earnings: Q3 8-K 2.02 on 2024-11-04 (= t+1, same filing as approval PR)",non-NME,0.29387279825272067,0.3671020749219538,220,-7.888724037013902,-0.8864100867437927,0.25796847303187254,0.8075599752011613,220,-7.154817186094753,-0.8045276699022217
MIRM,APPROVAL,2025-02-21,-1.34,,non-NME,0.23595040771720788,0.7648284786770292,220,-2.4998239353178646,-0.5592427827110077,0.16534674731151963,0.8720182476331528,220,-2.6378405263994447,-0.5610408261471178
ETON,APPROVAL,2025-05-28,-7.05,,non-NME,0.7003775422917888,0.849701758530067,220,-8.233179127054237,-1.5730838885149572,0.6262882569269876,1.0220355185397765,220,-6.64201010416341,-1.2537454781893769
URGN,APPROVAL,2025-06-12,65.71,,non-NME,0.0347945530821809,1.0260816084019726,220,61.22179223907625,11.145545142134587,-0.030050083309286605,0.8252867600800743,220,61.00959372407745,10.464447790161849
TNXP,APPROVAL,2025-08-15,-33.46,,non-NME,0.7617361827885526,0.9986807109263759,220,-38.02372772836216,-1.9022611640898628,0.6519122861255806,0.926240017871161,220,-36.84706355131877,-1.8361680738540527
AKBA,CRL,2022-03-30,-66.65,,NME,0.0006463766130739195,1.3912179617068487,220,-73.92006707395932,-20.34926973858063,-0.28238867103832677,1.1528097549609337,220,-76.36327524862386,-14.671268973802931
CHRS,CRL,2022-05-02,3.32,,novel_biologic,0.0681509084537205,0.6606857911831685,220,4.553153656418302,1.3909588899688345,-0.07333913752943853,1.237256351831699,220,6.2243435228071,1.8183818903706925
AXSM,CRL,2022-05-02,8.79,earnings: Q1 2022 results released same morning as CRL PR (5/2),non-NME,0.09952286448527246,1.1594100006612973,220,7.5631409405716425,1.0860093743772141,-0.12123057631000032,1.409042758742278,220,11.248907321591336,1.4955395159610938
VRCA,CRL,2022-05-25,-66.43,,non-NME,0.010417793149878425,0.7470501951626888,220,-67.78805469173376,-14.117284589394501,-0.14502721618387154,1.2889938853939318,220,-70.0095768288038,-13.799321194234631
SPRO,CRL,2022-06-28,-11.86,,NME,-0.5020297903501176,0.6348182104472578,220,-11.092659804728775,-1.3401875666794683,-0.6703275133422919,0.8707589596647487,220,-10.536489506112336,-1.241607181859993
SUPN,CRL,2022-10-10,-4.9,,non-NME,0.16336018434812527,0.3906895551662664,220,-5.933301040069609,-2.0982936019742477,0.12275150904094166,0.7031866821166058,220,-5.274084681945052,-1.7850131737112482
CYTK,CRL,2023-03-01,-8.15,earnings + offering: 8-K 2.02 and 424B5 both on 2023-03-01 (= reaction day),NME,0.12401405124291381,0.8561085604822021,220,-8.524349777764648,-1.9395001792205657,0.16807446890024175,0.9007626404605068,220,-9.409684738617557,-1.7854860000078252
ASND,CRL,2023-05-01,23.5,,NME,0.09474450586250655,0.7657033389517246,220,23.328815703891966,6.007691776273311,0.14377340945175499,0.9230036996807307,220,23.963517684055784,5.356745335872037
IBRX,CRL,2023-05-11,-61.22,,novel_biologic,-0.20090480214148168,1.7876950506653935,220,-69.21569540433153,-9.917137701539843,-0.05686768235257835,2.3882848611583567,220,-72.58109054905711,-8.933751578016466
ALDX,CRL,2023-06-22,-5.56,,non-NME,0.5469567747091901,0.8144741426507047,220,-7.048035229013166,-1.4005851698327099,0.5841805623684007,0.808754915937183,220,-8.71833112957028,-1.5832920928108303
CTXR,CRL,2023-07-31,-14.12,,non-NME,0.22218468442277373,0.3997043423652354,220,-15.346326804964303,-2.34383957468416,0.2189674992272544,0.7274501735718136,220,-15.510785636329729,-2.371945031581031
OTLK,CRL,2023-08-30,-83.72,,non-NME,0.2656139051024969,0.6092109448427183,220,-96.62748643469834,-16.374296301963973,0.22966563864265097,0.7626044660775448,220,-96.82545559706115,-16.079607760845875
SPRY,CRL,2023-09-20,-41.42,,non-NME,0.34543799546019976,0.6187491468418891,220,-28.920819169191667,-3.0644289835666805,0.28785681601551866,0.6840036567304548,220,-28.922479147644047,-3.02285657734847
CORT,CRL,2025-12-31,-45.46,,NME,0.37247827543354256,0.24388254993620492,220,-41.37229398810767,-3.5746266274575165,0.31536322979076586,1.203062328169526,220,-40.61713474763838,-3.5682098118815184
AQST,CRL,2026-02-02,36.66,,NME,0.22477851186194062,1.3453307279888544,220,35.41267172696358,5.828363342976104,0.3252916544138318,1.3295529569556745,220,38.795693878024814,5.964631659029081
RGNX,CRL,2026-02-10,-16.4,,novel_biologic,0.07902061243815786,2.0031321326398808,220,-15.948063642082568,-2.749931841017778,0.28666632873708736,1.7939930778848565,220,-18.174576967258787,-2.6238404465002305
IRON,CRL,2026-02-13,-9.66,,NME,0.039683115207148664,1.1678611531969305,220,-6.176616887715445,-1.6386833555528728,0.12969094250711147,1.26644947255799,220,-5.2710922768957005,-1.262042682264652
GRCE,CRL,2026-04-23,-43.7,,non-NME,0.1677658554544472,0.5155712804315206,220,-46.41611929663526,-11.737903775979591,0.2247320497128234,0.5456508801848571,220,-48.263852440489174,-11.906508091726856
CING,CRL,2026-06-02,38.39,,non-NME,0.09146296074289065,0.8052089339252402,220,35.08000862543145,4.5509087962784385,0.13739251333320335,1.7851561974449282,220,33.77174024392045,4.417657117704048
ACHV,CRL,2026-06-22,-1.29,,NME,0.12351035268469822,1.0139103944734396,220,-1.4769942443272792,-0.16386843501518225,0.16180503164866059,2.0759495273107214,220,6.734312521970517,0.7460688754450375
